{"RL-212.jpg": [[0, 710, 16.66666666666663, 726, 1.0], [10, 3830, 26.66666666666663, 3846, 1.0], [0, 5040, 16.66666666666663, 5056, 1.0]], "RL-204.jpg": [[0, 1870, 14.0, 1882.3333333333333, 1.0], [0, 2920, 14.0, 2932.3333333333335, 1.0], [0, 4200, 14.0, 4212.333333333333, 1.0]], "RL-143.jpg": [[0, 1740, 8, 1747.6666666666667, 1.0], [0, 2660, 8, 2667.6666666666665, 1.0], [0, 4800, 8, 4807.666666666667, 1.0]], "RL-233.jpg": [[0, 40, 10, 46.5, 1.0], [0, 2360, 10, 2366.5, 1.0], [0, 4430, 10, 4436.5, 1.0]], "RL-271.jpg": [[10, 940, 17.333333333333314, 947.3333333333333, 1.0], [10, 3620, 17.333333333333314, 3627.3333333333335, 1.0], [10, 6310, 17.333333333333314, 6317.333333333333, 1.0]], "RL-223.jpg": [[0, 290, 9.0, 299.6666666666667, 1.0], [0, 3010, 9.0, 3019.6666666666665, 1.0], [30, 4250, 39.0, 4259.666666666667, 1.0]], "RL-201.jpg": [[0, 1220, 12.0, 1232.3333333333333, 1.0], [30, 2530, 42.0, 2542.3333333333335, 1.0], [0, 5600, 12.0, 5612.333333333333, 1.0]], "RL-081.jpg": [[0, 1510, 20.5, 1524.0, 1.0], [40, 2340, 60.5, 2354.0, 1.0], [0, 4220, 20.5, 4234.0, 1.0]], "RL-034.jpg": [[0, 180, 10.666666666666629, 192.0, 1.0], [40, 3720, 50.66666666666663, 3732.0, 1.0], [10, 4480, 20.66666666666663, 4492.0, 1.0]], "RL-066.jpg": [[30, 1190, 45.0, 1202.0, 1.0], [0, 3930, 15.0, 3942.0, 1.0], [20, 4880, 35.0, 4892.0, 1.0]], "RL-122.jpg": [[0, 1780, 7, 1786, 1.0], [0, 3270, 7, 3276, 1.0], [0, 4940, 7, 4946, 1.0]], "RL-113.jpg": [[20, 1700, 24.0, 1704.6666666666665, 1.0], [30, 3050, 34.0, 3054.6666666666665, 1.0], [0, 5360, 4.0, 5364.666666666667, 1.0]], "RL-083.jpg": [[0, 710, 13.666666666666686, 718.6666666666666, 1.0], [10, 3930, 23.666666666666686, 3938.6666666666665, 1.0], [0, 4200, 13.666666666666686, 4208.666666666667, 1.0]], "RL-334.jpg": [[0, 800, 7.999999999999972, 805, 1.0], [0, 3250, 7.999999999999972, 3255, 1.0], [10, 6010, 17.99999999999997, 6015, 1.0]], "RL-321.jpg": [[0, 1010, 5.0, 1015.6666666666667, 1.0], [0, 2120, 5.0, 2125.6666666666665, 1.0], [0, 4670, 5.0, 4675.666666666667, 1.0]], "RL-021.jpg": [[30, 840, 34.33333333333334, 843.6666666666667, 1.0], [10, 3540, 14.333333333333343, 3543.6666666666665, 1.0], [0, 5550, 4.333333333333343, 5553.666666666667, 1.0]], "RL-329.jpg": [[0, 730, 6.666666666666657, 734.6666666666666, 1.0], [0, 4070, 6.666666666666657, 4074.6666666666665, 1.0], [20, 6100, 26.666666666666657, 6104.666666666667, 1.0]], "RL-239.jpg": [[0, 1060, 18, 1075, 1.0], [0, 3030, 18, 3045, 1.0], [10, 5540, 28, 5555, 1.0]], "RL-135.jpg": [[0, 970, 12, 979, 1.0], [0, 3690, 12, 3699, 1.0], [0, 5580, 12, 5589, 1.0]], "RL-197.jpg": [[0, 850, 7.666666666666686, 857.3333333333333, 1.0], [50, 3490, 57.666666666666686, 3497.3333333333335, 1.0], [0, 4260, 7.666666666666686, 4267.333333333333, 1.0]], "RL-150.jpg": [[0, 420, 4, 424.0, 1.0], [0, 2680, 4, 2684.0, 1.0], [0, 5730, 4, 5734.0, 1.0]], "RL-151.jpg": [[20, 330, 24, 334, 1.0], [40, 3840, 44, 3844, 1.0], [0, 4260, 4, 4264, 1.0]], "RL-167.jpg": [[0, 190, 5.666666666666686, 195.66666666666663, 1.0], [0, 2220, 5.666666666666686, 2225.6666666666665, 1.0], [0, 4750, 5.666666666666686, 4755.666666666667, 1.0]], "RL-263.jpg": [[0, 180, 10.666666666666686, 188.33333333333337, 1.0], [0, 3290, 10.666666666666686, 3298.3333333333335, 1.0], [0, 4710, 10.666666666666686, 4718.333333333333, 1.0]], "RL-091.jpg": [[0, 1560, 9.666666666666629, 1569.6666666666665, 1.0], [30, 2720, 39.66666666666663, 2729.6666666666665, 1.0], [20, 4940, 29.66666666666663, 4949.666666666667, 1.0]], "RL-030.jpg": [[20, 1040, 25.666666666666686, 1045.6666666666667, 1.0], [20, 2620, 25.666666666666686, 2625.6666666666665, 1.0], [10, 4280, 15.666666666666686, 4285.666666666667, 1.0]], "RL-022.jpg": [[0, 210, 8.666666666666629, 215.66666666666669, 1.0], [10, 2140, 18.66666666666663, 2145.6666666666665, 1.0], [20, 5480, 28.66666666666663, 5485.666666666667, 1.0]], "RL-063.jpg": [[0, 360, 25.33333333333337, 381.66666666666663, 1.0], [0, 3750, 25.33333333333337, 3771.6666666666665, 1.0], [20, 5860, 45.33333333333337, 5881.666666666667, 1.0]], "RL-080.jpg": [[0, 220, 3.6666666666666856, 223.66666666666663, 1.0], [0, 2160, 3.6666666666666856, 2163.6666666666665, 1.0], [30, 5990, 33.666666666666686, 5993.666666666667, 1.0]], "RL-194.jpg": [[20, 940, 93, 987, 1.0], [0, 2010, 73, 2057, 1.0], [0, 4430, 73, 4477, 1.0]], "RL-295.jpg": [[0, 1200, 4.333333333333314, 1204.3333333333333, 1.0], [0, 4060, 4.333333333333314, 4064.3333333333335, 1.0], [10, 5530, 14.333333333333314, 5534.333333333333, 1.0]], "RL-137.jpg": [[10, 1000, 15, 1006, 1.0], [0, 2680, 5, 2686, 1.0], [10, 5030, 15, 5036, 1.0]], "RL-149.jpg": [[0, 580, 7.666666666666657, 586.6666666666666, 1.0], [0, 3340, 7.666666666666657, 3346.6666666666665, 1.0], [20, 4550, 27.666666666666657, 4556.666666666667, 1.0]], "RL-157.jpg": [[10, 40, 15.0, 45.5, 1.0], [10, 4160, 15.0, 4165.5, 1.0], [50, 5850, 55.0, 5855.5, 1.0]], "RL-326.jpg": [[0, 160, 15, 167, 1.0], [0, 2260, 15, 2267, 1.0], [0, 4870, 15, 4877, 1.0]], "RL-332.jpg": [[20, 750, 27.0, 756.3333333333334, 1.0], [0, 3260, 7.0, 3266.3333333333335, 1.0], [0, 4800, 7.0, 4806.333333333333, 1.0]], "RL-115.jpg": [[0, 190, 9.333333333333371, 199.33333333333331, 1.0], [10, 2950, 19.33333333333337, 2959.3333333333335, 1.0], [0, 4340, 9.333333333333371, 4349.333333333333, 1.0]], "RL-056.jpg": [[10, 1230, 16.66666666666663, 1236.3333333333333, 1.0], [0, 2280, 6.666666666666629, 2286.3333333333335, 1.0], [30, 5540, 36.66666666666663, 5546.333333333333, 1.0]], "RL-140.jpg": [[0, 1930, 10.666666666666629, 1942.0, 1.0], [10, 2420, 20.66666666666663, 2432.0, 1.0], [10, 5720, 20.66666666666663, 5732.0, 1.0]], "RL-180.jpg": [[0, 1280, 4.333333333333371, 1284.0, 1.0], [30, 3700, 34.33333333333337, 3704.0, 1.0], [0, 4250, 4.333333333333371, 4254.0, 1.0]], "RL-266.jpg": [[40, 140, 43, 143, 1.0], [0, 3340, 3, 3343, 1.0], [0, 5920, 3, 5923, 1.0]], "RL-161.jpg": [[10, 890, 17.0, 896.5, 1.0], [10, 2720, 17.0, 2726.5, 1.0], [0, 4210, 7.0, 4216.5, 1.0]], "RL-049.jpg": [[10, 1520, 16.33333333333337, 1527, 1.0], [0, 2610, 6.333333333333371, 2617, 1.0], [0, 5870, 6.333333333333371, 5877, 1.0]], "RL-158.jpg": [[0, 1330, 8.666666666666629, 1338.3333333333333, 1.0], [40, 2560, 48.66666666666663, 2568.3333333333335, 1.0], [20, 4630, 28.66666666666663, 4638.333333333333, 1.0]], "RL-072.jpg": [[10, 190, 15.333333333333314, 195.0, 1.0], [0, 3330, 5.333333333333314, 3335.0, 1.0], [0, 5020, 5.333333333333314, 5025.0, 1.0]], "RL-132.jpg": [[50, 800, 62.5, 810.0, 1.0], [10, 4140, 22.5, 4150.0, 1.0], [0, 5560, 12.5, 5570.0, 1.0]], "RL-126.jpg": [[0, 150, 6.333333333333314, 155, 1.0], [0, 3830, 6.333333333333314, 3835, 1.0], [0, 4430, 6.333333333333314, 4435, 1.0]], "RL-092.jpg": [[20, 540, 24.66666666666663, 545.0, 1.0], [0, 3950, 4.666666666666629, 3955.0, 1.0], [0, 6200, 4.666666666666629, 6205.0, 1.0]], "RL-196.jpg": [[10, 350, 15.666666666666686, 355.66666666666663, 1.0], [10, 2180, 15.666666666666686, 2185.6666666666665, 1.0], [0, 5850, 5.666666666666686, 5855.666666666667, 1.0]], "RL-119.jpg": [[10, 1390, 14.0, 1394.6666666666665, 1.0], [40, 2690, 44.0, 2694.6666666666665, 1.0], [20, 4830, 24.0, 4834.666666666667, 1.0]], "RL-324.jpg": [[0, 40, 8.0, 49.0, 1.0], [0, 2330, 8.0, 2339.0, 1.0], [0, 5120, 8.0, 5129.0, 1.0]]}